fid,survey_id,title,survey_date,region,type,lat,lon,Embargo,Deter,Tipo,Prodes,JJ-FAST_v3_2,JJ-FAST_v4_1
178,PV-RO-2209-23,FieldSurvey_20220919-23_RO,2022/9/18,S09W066,ğŸš,-65.88859777,-9.012480475,"2022/10/8, 2023/6/1",2021/8/14,DES,2022,2021/11/7,2021/9/21
55,AL-PA-2202-07,FieldSurvey_20220214-21_PA,2022/2/17,S02W052,ğŸš™,-51.78775895,-2.586276869,N/A,2021/9/19,DES,2022,2021/8/17,2021/8/17
54,AL-PA-2202-03,FieldSurvey_20220214-21_PA,2022/2/16,S03W052,ğŸš™,-51.75402197,-3.004204682,N/A,2021/10/3,DES,2022,2021/9/23,N/A
57,AL-PA-2202-10,FieldSurvey_20220214-21_PA,2022/2/18,S02W053,ğŸš™,-52.90233948,-2.948172112,N/A,2021/11/27,DES,2023,2021/11/9,2021/11/9
255,PV-RO-2209-28,FieldSurvey_20220919-23_RO,2022/9/18,S09W067,ğŸš,-66.03311773,-9.187086093,2022/9/16,2022/5/29,DES,"2023, 2022",2021/9/21,2017/1/3
143,PV-RO-2209-20,FieldSurvey_20220919-23_RO,2022/9/20,S08W064,ğŸš™,-63.18531186,-8.658148431,N/A,2022/6/13,DES,2022,2020/7/4,N/A
251,PV-RO-2209-25,FieldSurvey_20220919-23_RO,2022/9/18,S09W067,ğŸš,-66.06875272,-9.023164684,2022/9/14,2022/6/22,DES,2022,2021/3/14,2022/7/12
252,PV-RO-2209-26,FieldSurvey_20220919-23_RO,2022/9/18,S09W067,ğŸš,-66.100419,-9.052540851,2022/7/21,2022/7/26,DES,2022,2022/5/31,2022/5/31
215,NP-PA-2410-03,FieldSurvey_20241023-27_PA,2024/10/25,S07W056,ğŸš,-55.51247653,-7.363507448,N/A,2022/9/3,QUE,"2022, Foerst",2020/12/18,N/A
249,PV-RO-2209-23b,FieldSurvey_20220919-23_RO,2022/9/18,S09W066,ğŸš,-65.85324426,-9.029122732,2023/5/30,2022/9/8,DES,"2022, 2023",2021/6/1,2017/3/28
217,NP-PA-2410-05,FieldSurvey_20241023-27_PA,2024/10/25,S07W056,ğŸš,-55.50823459,-7.448375608,N/A,2022/9/9,QUE,"Foerst, 2020, 2021",2020/8/14,N/A
250,PV-RO-2209-24,FieldSurvey_20220919-23_RO,2022/9/18,S08W066,ğŸš,-65.92891997,-8.951062953,2023/4/4,2022/10/31,DEG,"2022, 2023",2022/8/14,2022/6/14
63,AL-PA-2202-16,FieldSurvey_20220214-21_PA,2022/2/15,S02W052,ğŸš™,-51.73971478,-2.729618693,2022/7/14,2022/11/13,DES,2022,2021/11/4,2021/12/21
47,AB-RO-2305-03,FieldSurvey_20230525-0601_RO_AC,2023/5/26,S09W067,ğŸš,-66.00978082,-9.190555785,2023/5/15,2023/3/29,DES,2023,2023/3/7,2017/11/21
131,EX-RO-2305-10,FieldSurvey_20230525-0601_RO_AC,2023/5/26,S09W067,ğŸš™,-66.43580801,-9.587718204,2023/5/25,2023/3/29,DES,"2024, 2007",2021/4/25,2023/10/31
181,EX-RO-2305-39,FieldSurvey_20230525-0601_RO_AC,2023/5/26,S09W067,ğŸš™,-66.44157358,-9.619934406,N/A,2023/4/12,DES,"2023, 2007",2021/10/5,N/A
134,RB-AC-2305-28,FieldSurvey_20230525-0601_RO_AC,2023/5/28,S09W068,ğŸš™,-67.29469172,-9.359290902,N/A,2023/4/29,DES,"2024, Foerst",2023/2/7,2023/2/12
224,NP-PA-2410-16,FieldSurvey_20241023-27_PA,2024/10/25,S07W056,ğŸš,-55.50388085,-7.370514218,2022/8/23,2023/11/1,DES,"2022, 2023, 2024",2021/2/7,2022/8/21
195,ST-PA-2402-02,FieldSurvey_20240205-06_PA,2024/2/6,S02W055,ğŸš,-54.04931548,-2.899336174,N/A,2024/1/10,QUE,Foerst,2024/7/7,2023/12/24
103,AL-PA-2402-21Ref,FieldSurvey_20240205-06_PA,2024/2/5,S02W052,ğŸš,-51.74522916,-2.612318506,N/A,2024/1/18,DES,2024,2024/3/12,2023/11/7
108,AL-PA-2402-26,FieldSurvey_20240205-06_PA,2024/2/5,S02W052,ğŸš,-51.79890285,-2.983895431,N/A,2024/1/18,DES,"2024, 2016",2021/9/28,2024/1/25
199,ST-PA-2402-06,FieldSurvey_20240205-06_PA,2024/2/6,S02W052,ğŸš,-53.9545825,-2.916231374,N/A,2024/2/29,QUE,"Foerst, 2007",N/A,2023/12/19
117,AL-PA-2406-01,FieldSurvey_20240610-14_PA,2024/6/10,S02W052,ğŸš™,-51.81954968,-2.672809128,N/A,2024/6/11,QUE,Foerst,2023/1/26,2022/8/16
204,ST-PA-2402-11,FieldSurvey_20240205-06_PA,2024/2/6,S03W054,ğŸš,-53.96320353,-3.224338423,N/A,2024/6/21,QUE,Foerst,N/A,2024/3/12
118,AL-PA-2406-03,FieldSurvey_20240610-14_PA,2024/6/11,S02W052,ğŸš™,-51.72396062,-2.773404069,N/A,2024/7/11,DES,2024,N/A,2023/11/2
244,NP-PA-2410-46,FieldSurvey_20241023-27_PA,2024/10/25,S07W056,ğŸš,-55.55353012,-7.325751087,N/A,2024/8/17,QUE,Foerst,2025/5/30,N/A
219,NP-PA-2410-07,FieldSurvey_20241023-27_PA,2024/10/25,S07W056,ğŸš,-55.62123395,-7.632592922,N/A,2024/9/26,QUE,"2020, Foerst",2020/6/5,2024/11/24
237,NP-PA-2410-38,FieldSurvey_20241023-27_PA,2024/10/26,S07W056,ğŸš,-55.0603541,-7.148165092,"2022/8/19, 2023/7/13",2024/9/26,DES,"Foerst, 2023",2021/3/21,2022/6/12
242,NP-PA-2410-44,FieldSurvey_20241023-27_PA,2024/10/26,S07W056,ğŸš,-55.47510908,-7.750437472,"2013/4/8, 2014/9/10, 2014/10/9",2024/9/26,QUE,Foerst,2024/11/15,2024/9/29
245,NP-PA-2410-47,FieldSurvey_20241023-27_PA,2024/10/25,S07W056,ğŸš,-55.41610864,-7.364100605,N/A,2024/9/26,QUE,Foerst,2020/8/23,2017/4/9
192,EX-RO-2503-01,FieldSurvey_20250309-15_RO_AC,2025/3/11,S09W067,ğŸš™,-66.39197481,-9.571294155,N/A,2024/10/1,DES,Foerst,2023/10/3,N/A
216,NP-PA-2410-04,FieldSurvey_20241023-27_PA,2024/10/25,S07W056,ğŸš,-55.49862829,-7.332608291,"2008/9/6, 2023/4/13",2024/10/6,QUE,"Foerst, 2008, 2023",2020/8/14,2024/9/29
240,NP-PA-2410-42,FieldSurvey_20241023-27_PA,2024/10/26,S07W056,ğŸš,-55.34285139,-7.685049367,N/A,2024/10/6,QUE,Foerst,2021/9/24,2024/9/29
241,NP-PA-2410-43,FieldSurvey_20241023-27_PA,2024/10/26,S07W056,ğŸš,-55.24781122,-7.806163832,2021/3/9,2024/10/6,QUE,Foerst,2020/11/6,2020/11/15
247,NP-PA-2410-51,FieldSurvey_20241023-27_PA,2024/10/25,S06W056,ğŸš,-55.1480161,-6.796531234,N/A,2024/10/11,"QUE, DES",Foerst,N/A,N/A
228,NP-PA-2410-23,FieldSurvey_20241023-27_PA,2024/10/26,S07W056,ğŸš,-55.06927565,-7.704898891,N/A,2024/10/16,"DEG, DES","Foerst, 2017",2021/11/14,2017/4/9
214,NP-PA-2410-01,FieldSurvey_20241023-27_PA,2024/10/26,S07W056,ğŸš,-55.03988825,-7.168845174,N/A,2024/10/21,QUE,Foerst,2020/8/23,2024/11/24
221,NP-PA-2410-12,FieldSurvey_20241023-27_PA,2024/10/26,S07W056,ğŸš,-55.02383077,-7.660500486,N/A,2024/10/21,QUE,"Foerst, 2020",2020/7/12,N/A
232,NP-PA-2410-29,FieldSurvey_20241023-27_PA,2024/10/26,S07W056,ğŸš,-55.14140085,-7.654584973,N/A,2024/10/21,QUE,Foerst,2022/5/1,2024/9/29
233,NP-PA-2410-30,FieldSurvey_20241023-27_PA,2024/10/26,S07W056,ğŸš,-55.06168415,-7.683202656,N/A,2024/10/21,QUE,Foerst,2023/2/5,2024/9/29
191,RB-AC-2503-09,FieldSurvey_20250309-15_RO_AC,2025/3/14,S09W068,ğŸš™,-67.52095393,-9.672670489,N/A,2025/1/10,DES,Foerst,2024/11/12,2024/11/17
186,RB-AC-2503-02,FieldSurvey_20250309-15_RO_AC,2025/3/11,S09W067,ğŸš™,-66.7137868,-9.910317056,2025/5/22,2025/2/25,DES,Foerst,2021/9/21,N/A
193,RB-AC-2503-04,FieldSurvey_20250309-15_RO_AC,2025/3/13,S09W068,ğŸš™,-67.40077181,-9.650722066,N/A,2025/4/18,DES,"Foerst, 2024",2022/10/4,2022/8/14
43,ST-PA-2510-95,FieldSurvey_20251006-16_PA,2025/10/23,S03W054,ğŸš™,-53.22773657,-3.334763381,N/A,2025/9/21,"DEG, DES",Foerst,2022/8/21,N/A
6,EX-RO-2506-EX_D,MORI2_TestSurvey_20250531-0608_RO_AM,2025/6/3,S09W067,ğŸš™,-66.33870993,-9.579897451,"2007/7/31, 2022/8/12","2016/10/16, 2020/5/17","QUE, DES","2020, 2022, 2007",2020/6/7,N/A
4,EX-RO-2506-EX_B,MORI2_TestSurvey_20250531-0608_RO_AM,2025/6/3,S09W067,ğŸš™,-66.29941214,-9.577389524,"2017/4/6, 2022/8/12","2016/10/16, 2022/4/22","QUE, DES",2022,2021/1/3,2022/5/3
3,EX-RO-2506-EX_A,MORI2_TestSurvey_20250531-0608_RO_AM,2025/6/3,S09W067,ğŸš™,-66.28789938,-9.576913832,2016/8/22,"2016/8/4, 2019/8/8",DES,"2016, 2019",NoData,NoData
146,PV-RO-2110-03,FieldSurvey_20211018-19_RO,2021/10/18,S08W064,ğŸš™,-63.30688289,-8.606117626,2023/10/24,2016/9/22,DES,2021,2020/7/4,2011/11/11
229,NP-PA-2410-24,FieldSurvey_20241023-27_PA,2024/10/26,S07W056,ğŸš,-55.14537222,-7.591694046,N/A,"2017/08/31, 2019/8/27, 2020/6/19","DES, QUE, DEG","Foerst, 2020, 2021, 2023, 2024",2020/7/12,N/A
230,NP-PA-2410-25,FieldSurvey_20241023-27_PA,2024/10/26,S07W056,ğŸš,-55.08540454,-7.402296587,2013/10/28,"2017/10/11, 2020/3/30",DES,"2021, 2014, 2018, 2016, Foerst",2020/7/12,N/A
160,HU-AM-2410-11,FieldSurvey_20241007-11_RO_AM,2024/10/8,S07W063,ğŸš™,-62.95277968,-7.018436416,2025/4/4,"2017/10/25, 2024/3/13",DES,2024,2021/8/14,2024/4/20
200,ST-PA-2402-07,FieldSurvey_20240205-06_PA,2024/2/6,S02W052,ğŸš,-53.94936976,-2.931533608,N/A,"2017/12/22, 2023/11/21",QUE,Foerst,2022/8/16,2023/12/19
201,ST-PA-2402-08,FieldSurvey_20240205-06_PA,2024/2/6,S02W052,ğŸš,-53.94486054,-2.945725516,2025/6/3,"2017/12/22, 2023/12/24",QUE,Foerst,2024/3/12,2023/12/19
145,PV-RO-2209-03,FieldSurvey_20220919-23_RO,2022/9/20,S08W064,ğŸš™,-63.11284182,-8.761684898,"2022/6/7, 2024/7/8, 2024/7/9, 2024/7/10, 2025/5/23",2017/12/7,DES,"2022, 2023",2021/4/1,2017/6/29
239,NP-PA-2410-41,FieldSurvey_20241023-27_PA,2024/10/25,S06W056,ğŸš,-55.34270021,-6.620911384,N/A,2018/6/25,"DEG, QUE","2023, 2022",2020/8/23,N/A
167,HU-AM-2410-08,FieldSurvey_20241007-11_RO_AM,2024/10/9,S07W064,ğŸš™,-63.44417775,-7.502954945,N/A,"2018/6/27, 2024/10/4",DES,"Foerst, 2022",2024/11/16,2024/9/26
246,NP-PA-2410-49,FieldSurvey_20241023-27_PA,2024/10/25,S06W056,ğŸš,-55.33051895,-6.832727156,"2014/2/19, 2024/11/29","2018/7/23, 2023/6/9","DEG, MIN","2018, 2024, 2023, Foerst, 2016",2023/4/30,N/A
227,NP-PA-2410-22,FieldSurvey_20241023-27_PA,2024/10/26,S07W056,ğŸš,-55.34497038,-7.703298167,N/A,2019/10/26,DES,"2021, 2020, Foerst",2020/7/3,N/A
212,ST-PA-2402-19,FieldSurvey_20240205-06_PA,2024/2/6,S03W054,ğŸš,-53.90337323,-3.147143205,N/A,2019/11/7,DES,2020,2020/8/18,2023/12/24
65,AL-PA-2202-18,FieldSurvey_20220214-21_PA,2022/2/15,S02W052,ğŸš™,-51.87340358,-2.654644979,N/A,"2019/7/20, 2021/11/13",DES,"2019, 2022",2021/9/28,2020/12/22
60,AL-PA-2202-13,FieldSurvey_20220214-21_PA,2022/2/16,S02W052,ğŸš™,-51.74382809,-2.988405391,N/A,2019/8/24,DES,"2019, Foerst",2021/1/4,N/A
209,ST-PA-2402-16,FieldSurvey_20240205-06_PA,2024/2/6,S03W054,ğŸš,-53.70540798,-3.327974162,N/A,2019/8/9,DES,2019,2020/7/7,2019/8/25
5,EX-RO-2506-EX_C,MORI2_TestSurvey_20250531-0608_RO_AM,2025/6/3,S09W067,ğŸš™,-66.32444259,-9.579228576,2019/7/27,2019/9/3,DES,"2019, 2020",2020/6/7,2020/2/11
259,PV-RO-2209-32,FieldSurvey_20220919-23_RO,2022/9/18,S09W066,ğŸš,-65.92840042,-9.373878987,2023/10/14,"2020/10/9, 2022/8/30",DEG. DES,2022,2022/9/20,2019/7/16
235,NP-PA-2410-36,FieldSurvey_20241023-27_PA,2024/10/26,S07W056,ğŸš,-55.10071349,-7.822596449,"2017/6/23, 2022/3/15, 2022/5/16",2020/11/11,DEG,"2022, 2023",2021/6/13,2020/11/15
141,PV-RO-2209-13,FieldSurvey_20220919-23_RO,2022/9/19,S08W065,ğŸš™,-64.14969838,-8.671481101,2020/11/13,2020/3/12,DES,2022,2022/7/21,N/A
184,EX-RO-2503-03,FieldSurvey_20250309-15_RO_AC,2025/3/11,S09W067,ğŸš™,-66.43718683,-9.772030425,2025/3/17,2020/7/17,DES,"Foerst, 2007, 2020",2023/10/8,2024/11/12
258,PV-RO-2209-31,FieldSurvey_20220919-23_RO,2022/9/18,S09W066,ğŸš,-65.89020026,-9.380873564,"2021/12/11, 2023/10/14","2021/10/31, 2022/6/13",DEG. DES,2022,2021/11/2,2019/7/16
56,AL-PA-2202-08,FieldSurvey_20220214-21_PA,2022/2/17,S02W053,ğŸš™,-52.90447763,-2.957778418,N/A,2021/10/5,DES,2022,2022/2/1,2022/8/16
59,AL-PA-2202-12,FieldSurvey_20220214-21_PA,2022/2/17,S03W052,ğŸš™,-51.72142588,-3.033010577,N/A,2021/10/5,DES,2023,2021/9/28,2021/9/28
114,AL-PA-2403-17Ref,FieldSurvey_20240318-21_PA,2024/3/20,S02W053,ğŸš™,-52.18848373,-2.886720719,N/A,2021/11/13,DES,"Foerst, 2022",N/A,2023/1/31
164,HU-AM-2410-20Ref,FieldSurvey_20241007-11_RO_AM,2024/10/8,S07W064,ğŸš™,-63.06628775,-7.082280667,N/A,2021/5/18,DES,Foerst,2021/8/19,2024/9/26
238,NP-PA-2410-40,FieldSurvey_20241023-27_PA,2024/10/25,S06W056,ğŸš,-55.44682915,-6.599686377,2023/7/13,2021/5/20,"DEG, QUE","2021, Foerst",2020/8/14,2021/6/13
147,PV-RO-2110-04,FieldSurvey_20211018-19_RO,2021/10/19,S09W065,ğŸš™,-64.68502976,-9.535626517,2023/4/5,2021/5/28,DES,"2012, 2021",2020/9/22,2021/6/24
104,AL-PA-2402-22,FieldSurvey_20240205-06_PA,2024/2/5,S02W052,ğŸš,-51.81659983,-2.489973743,N/A,2021/6/7,DEG,"Foerst, 2021",N/A,2023/9/26
168,HU-AM-2410-06,FieldSurvey_20241007-11_RO_AM,2024/10/9,S07W064,ğŸš™,-63.69579613,-7.500817358,N/A,2021/7/10,DES,"Foerst, 2021",2021/7/8,2024/9/26
137,PV-RO-2110-02,FieldSurvey_20211018-19_RO,2021/10/18,S08W065,ğŸš™,-64.22805999,-8.837739136,N/A,2021/7/2,DES,2021,2021/8/10,N/A
136,PV-RO-2110-01,FieldSurvey_20211018-19_RO,2021/10/17,S08W065,ğŸš™,-64.05611042,-8.75091717,2025/3/17,2021/7/22,DEG,2021,2021/9/30,N/A
62,AL-PA-2202-15,FieldSurvey_20220214-21_PA,2022/2/17,S02W052,ğŸš™,-51.675774,-2.887741989,"2021/11/22, 2022/9/15",2021/7/26,DES,"2021, 2022",2021/8/12,2021/8/12
64,AL-PA-2202-17,FieldSurvey_20220214-21_PA,2022/2/15,S02W052,ğŸš™,-51.79975815,-2.710793302,2024/7/5,2021/7/26,DES,"2021, 2022",2021/8/17,2021/8/17
84,AL-PA-2402-02,FieldSurvey_20240205-06_PA,2024/2/5,S02W052,ğŸš,-51.84777464,-2.539837784,2025/3/17,2021/7/26,DES,"2023, 2017",2021/11/4,2023/11/2
225,NP-PA-2410-17,FieldSurvey_20241023-27_PA,2024/10/26,S07W056,ğŸš,-55.43867192,-7.463077157,2022/4/5,2021/8/18,DES,"2021, 2022, Foerst",2021/6/4,N/A
208,ST-PA-2402-15,FieldSurvey_20240205-06_PA,2024/2/6,S03W054,ğŸš,-53.86179522,-3.197611773,2025/6/4,"2021/9/13, 2021/11/13","DEG, DES",2022,2021/3/16,2021/11/14
210,ST-PA-2402-17,FieldSurvey_20240205-06_PA,2024/2/6,S03W054,ğŸš,-53.68087279,-3.323322804,2021/11/11,2021/9/27,DES,"2023, Foerst, 2022",2021/2/7,2023/11/7
213,ST-PA-2402-20,FieldSurvey_20240205-06_PA,2024/2/6,S03W054,ğŸš,-53.72477471,-3.133605619,2021/11/12,2021/9/27,DEG,2024,2021/12/21,2023/11/7
90,AL-PA-2402-08Ref,FieldSurvey_20240205-06_PA,2024/2/5,S02W052,ğŸš,-51.90641282,-2.669076327,N/A,2021/9/30,DES,2023,2021/9/28,2021/9/23
78,AL-PA-2310-35,FIeldSurvey_20231008-14_PA,2023/10/12,S02W052,ğŸš™,-51.76842675,-2.734123018,N/A,2021/9/7,DES,"2023, 2024, 2021",2021/11/9,2023/8/15
154,ST-PA-2406-03Ref,FieldSurvey_20240610-14_PA,2024/2/6,S03W054,ğŸš™,-53.89103141,-3.084003793,N/A,2021/9/7,DES,2022,2021/9/28,2024/3/12
58,AL-PA-2202-09,FieldSurvey_20220214-21_PA,2022/2/16,S03W053,ğŸš™,-52.64306333,-3.25879365,N/A,2022/1/19,DES,Foerst,2021/12/21,N/A
142,PV-RO-2209-08,FieldSurvey_20220919-23_RO,2022/9/21,S08W065,ğŸš™,-64.39413562,-8.94630057,"2023/5/10, 2023/5/12, 2023/6/19",2022/3/16,DES,2022,2022/9/20,2022/3/31
9,PV-RO-2506-PO_G1,MORI2_TestSurvey_20250531-0608_RO_AM,2025/6/4,S08W065,ğŸš™,-64.39461651,-8.946810237,"2023/5/10, 2023/5/12, 2023/6/19",2022/3/16,DES,2022,2022/9/20,2022/3/31
10,PV-RO-2506-PO_G2,MORI2_TestSurvey_20250531-0608_RO_AM,2025/6/4,S08W065,ğŸš™,-64.39447701,-8.956000184,"2023/5/10, 2023/6/19",2022/3/23,DES,"2022, Foerst",2022/5/31,2022/3/31
176,PV-RO-2209-21,FieldSurvey_20220919-23_RO,2022/9/18,S08W065,ğŸš™,-64.30714097,-8.968738211,N/A,2022/4/22,DES,2023,2022/10/4,2022/10/13
177,PV-RO-2209-22,FieldSurvey_20220919-23_RO,2022/9/18,S08W065,ğŸš™,-64.44099235,-8.99485292,N/A,2022/4/27,DES,2022,2022/7/21,N/A
150,PV-RO-2209-04-3,FieldSurvey_20220919-23_RO,2022/9/21,S07W064,ğŸš™,-63.39824233,-7.513178841,"2022/6/29, 2022/6/30, 2022/7/11, 2022/11/18, 2022/11/19",2022/4/28,DES,"2022, 2023",2022/4/28,2022/6/9
144,PV-RO-2209-07,FieldSurvey_20220919-23_RO,2022/9/20,S08W064,ğŸš™,-63.3171776,-8.767655609,"2023/10/17, 2023/10/20",2022/4/29,DES,"2022, 2023",2021/12/18,2020/7/9
138,PV-RO-2209-10,FieldSurvey_20220919-23_RO,2022/9/19,S08W065,ğŸš™,-64.05385828,-8.560792986,N/A,2022/4/29,DES,2022,2022/7/21,2022/10/13
254,PV-RO-2209-27,FieldSurvey_20220919-23_RO,2022/9/18,S09W067,ğŸš,-66.07730115,-9.167758553,2022/9/14,2022/5/29,DES,"2022, 2023",2022/6/5,2022/7/12
140,PV-RO-2209-05b,FieldSurvey_20220919-23_RO,2022/9/19,S08W065,ğŸš™,-64.22987336,-8.594947881,N/A,2022/6/13,DES,2022,2022/10/13,2017/2/23
148,PV-RO-2209-04,FieldSurvey_20220919-23_RO,2022/9/21,S07W064,ğŸš™,-63.43251539,-7.53491675,"2022/6/28, 2022/11/18",2022/7/26,DES,"2023, 2022",2021/3/13,2018/2/8
139,PV-RO-2209-05a,FieldSurvey_20220919-23_RO,2022/9/18,S08W065,ğŸš™,-64.22087637,-8.596045924,N/A,2022/7/6,DES,"2023, 2022",2022/10/13,N/A
256,PV-RO-2209-29,FieldSurvey_20220919-23_RO,2022/9/18,S09W066,ğŸš,-65.81242987,-9.173680706,N/A,2022/8/13,DES,"2022, 2023",2022/12/13,2022/8/9
253,PV-RO-2209-33,FieldSurvey_20220919-23_RO,2022/9/18,S09W067,ğŸš,-66.18602229,-9.155073521,2023/4/4,2022/8/17,DES,"2023, 2022",2020/6/7,2017/1/3
149,PV-RO-2209-04-2,FieldSurvey_20220919-23_RO,2022/9/21,S07W064,ğŸš™,-63.46133946,-7.526168138,2022/9/13,2022/8/30,DES,"2023, 2022",2021/8/14,2021/8/19
80,AL-PA-2310-42,FIeldSurvey_20231008-14_PA,2023/10/10,S02W052,ğŸš™,-51.85860192,-2.700118934,N/A,2022/9/24,DES,2024,N/A,2023/12/14
257,PV-RO-2209-30,FieldSurvey_20220919-23_RO,2022/9/18,S09W066,ğŸš,-65.78596048,-9.172358341,N/A,2022/9/24,DES,"2022, 2021",2020/10/6,2021/6/1
172,PV-RO-2410-08,FieldSurvey_20241007-11_RO_AM,2024/10/10,S08W064,ğŸš™,-63.33919352,-8.564849609,2023/5/12,2023/1/8,"DEG, QUE","2023, 2024, Foerst",2020/10/15,N/A
207,ST-PA-2402-14,FieldSurvey_20240205-06_PA,2024/2/6,S03W054,ğŸš,-53.94636148,-3.19683356,N/A,"2023/10/12, 2024/2/29","DES, QUE","Foerst, 2023",2023/8/20,2023/12/19
194,ST-PA-2402-01,FieldSurvey_20240205-06_PA,2024/2/6,S02W055,ğŸš,-54.06461872,-2.915246012,N/A,2023/10/22,QUE,Foerst,2023/11/12,2023/12/24
97,AL-PA-2402-14,FieldSurvey_20240205-06_PA,2024/2/5,S02W052,ğŸš,-51.83787866,-2.710242488,N/A,2023/10/25,DES,2024,2024/11/19,2023/11/7
109,AL-PA-2402-27Ref,FieldSurvey_20240205-06_PA,2024/2/5,S02W052,ğŸš,-51.97408211,-2.949322326,N/A,2023/10/25,DES,2024,N/A,2023/11/2
70,AL-PA-2310-10,FIeldSurvey_20231008-14_PA,2023/10/10,S02W052,ğŸš™,-51.70317833,-2.795328801,N/A,2023/11/14,DEG,2024,N/A,N/A
95,AL-PA-2402-12,FieldSurvey_20240205-06_PA,2024/2/5,S02W052,ğŸš,-51.80681619,-2.804734002,N/A,2023/11/14,QUE,2024,N/A,2022/9/27
101,AL-PA-2402-19,FieldSurvey_20240205-06_PA,2024/2/5,S02W052,ğŸš,-51.69358271,-2.804346923,N/A,2023/11/14,DEG,Foerst,N/A,2023/11/7
112,AL-PA-2403-09,FieldSurvey_20240318-21_PA,2024/3/18,S02W052,ğŸš™,-51.79730747,-2.726145511,N/A,2023/11/14,QUE,Foerst,2024/3/12,2023/11/2
205,ST-PA-2402-12,FieldSurvey_20240205-06_PA,2024/2/6,S03W054,ğŸš,-53.96657611,-3.20059672,N/A,2023/12/16,QUE,Foerst,2024/3/12,2023/12/19
206,ST-PA-2402-13,FieldSurvey_20240205-06_PA,2024/2/6,S03W054,ğŸš,-53.95473485,-3.198374261,N/A,2023/12/16,QUE,Foerst,2024/6/4,2023/12/19
102,AL-PA-2402-20,FieldSurvey_20240205-06_PA,2024/2/5,S02W052,ğŸš,-51.71680708,-2.597181033,N/A,2023/12/18,DES,2024,2022/9/27,2022/9/27
211,ST-PA-2402-18,FieldSurvey_20240205-06_PA,2024/2/6,S03W054,ğŸš,-53.62837396,-3.130548305,N/A,2023/12/29,DES,2024,2024/3/12,2023/11/12
89,AL-PA-2402-07Ref,FieldSurvey_20240205-06_PA,2024/2/5,S02W052,ğŸš,-51.92077612,-2.654063555,N/A,2023/12/9,DEG,Foerst,2023/3/14,2024/1/25
124,AB-RO-2305-04a,FieldSurvey_20230525-0601_RO_AC,2023/5/26,S09W067,ğŸš,-66.11907139,-9.122073893,2023/5/15,2023/3/29,DES,2023,2022/1/30,2017/11/21
126,AB-RO-2305-04c,FieldSurvey_20230525-0601_RO_AC,2023/5/26,S09W067,ğŸš,-66.10255559,-9.136472983,2023/5/15,2023/3/29,DES,2023,2023/3/21,2023/12/12
133,EX-RO-2305-08,FieldSurvey_20230525-0601_RO_AC,2023/5/26,S09W067,ğŸšğŸš™,-66.6211244,-9.569176606,2023/5/27,2023/3/29,DES,2023,2020/6/7,N/A
125,AB-RO-2305-04b,FieldSurvey_20230525-0601_RO_AC,2023/5/26,S09W067,ğŸš,-66.12234042,-9.134798101,2023/5/15,2023/4/12,DES,2023,2021/3/14,2017/11/21
122,BA-AM-2305-36,FieldSurvey_20230525-0601_RO_AC,2023/5/26,S09W068,ğŸš,-67.25805055,-8.472003159,N/A,2023/4/12,DES,2023,2023/4/23,2023/6/4
44,AB-RO-2305-01a,FieldSurvey_20230525-0601_RO_AC,2023/5/26,S09W067,ğŸš,-66.0346892,-9.56324202,"2024/4/25, 2024/8/19",2023/4/14,DES,"2023, 2024",2021/6/6,2019/12/31
132,EX-RO-2305-07,FieldSurvey_20230525-0601_RO_AC,2023/5/26,S09W067,ğŸšğŸš™,-66.64102494,-9.573164504,2023/6/19,2023/4/27,DES,2023,2020/9/22,2023/10/31
128,EX-RO-2305-23,FieldSurvey_20230525-0601_RO_AC,2023/5/31,S09W067,ğŸš™,-66.84135751,-9.895573769,N/A,2023/4/27,DES,2024,2023/2/7,2023/1/24
129,EX-RO-2305-23b,FieldSurvey_20230525-0601_RO_AC,2023/5/31,S09W067,ğŸš™,-66.84742574,-9.893456311,N/A,2023/4/27,DES,2023,2023/3/7,N/A
127,EX-RO-2305-22,FieldSurvey_20230525-0601_RO_AC,2023/5/31,S09W067,ğŸš™,-66.96019563,-9.768948496,N/A,2023/4/29,DES,2023,2021/11/7,N/A
49,AB-RO-2305-06a,FieldSurvey_20230525-0601_RO_AC,2023/5/26,S09W066,ğŸš,-65.77639181,-9.184618407,N/A,2023/5/14,DES,2023,2020/7/12,2023/10/31
45,AB-RO-2305-01b,FieldSurvey_20230525-0601_RO_AC,2023/5/26,S09W067,ğŸš,-66.03227869,-9.556848341,2024/8/19,2023/5/18,DES,2023,2023/7/2,2023/10/31
46,AB-RO-2305-02,FieldSurvey_20230525-0601_RO_AC,2023/5/26,S09W066,ğŸš,-65.96145036,-9.271981602,2024/5/20,2023/5/18,DES,2023,2023/8/13,2023/10/31
123,BA-AM-2305-37,FieldSurvey_20230525-0601_RO_AC,2023/5/26,S09W068,ğŸš,-67.23971038,-8.463399755,N/A,2023/5/19,DES,2023,2023/6/4,2023/6/4
50,AB-RO-2305-06b,FieldSurvey_20230525-0601_RO_AC,2023/5/26,S09W066,ğŸš,-65.78039618,-9.189040934,N/A,2023/7/18,DES,2023,2023/8/8,2023/10/31
53,AL-PA-2202-02,FieldSurvey_20220214-21_PA,2022/2/16,S03W052,ğŸš™,-51.59660706,-3.119618274,N/A,2023/7/22,DES,2023,2021/9/23,N/A
72,AL-PA-2310-13,FIeldSurvey_20231008-14_PA,2023/10/13,S02W052,ğŸš™,-51.81714311,-2.795796712,N/A,2023/7/22,DES,"2023, 2024",2023/8/10,2018/9/27
75,AL-PA-2310-23,FIeldSurvey_20231008-14_PA,2023/10/10,S02W052,ğŸš™,-51.87415123,-2.580201084,2025/4/24,2023/7/24,DES,"2024, 2023",2024/11/19,2023/9/26
85,AL-PA-2402-03,FieldSurvey_20240205-06_PA,2024/2/5,S02W052,ğŸš,-51.87415041,-2.580241004,2025/4/24,2023/7/24,DES,"2024, 2023",2024/11/19,2023/9/26
130,EX-RO-2305-21,FieldSurvey_20230525-0601_RO_AC,2023/5/31,S09W067,ğŸš™,-66.84287974,-9.654559679,N/A,2023/7/28,DEG,2023,2023/1/29,2023/10/31
48,AB-RO-2305-05,FieldSurvey_20230525-0601_RO_AC,2023/5/26,S09W066,ğŸš,-65.78721669,-9.182258615,N/A,2023/7/6,DES,2023,2023/8/8,2021/6/1
74,AL-PA-2310-19,FIeldSurvey_20231008-14_PA,2023/10/10,S02W052,ğŸš™,-51.8492525,-2.580629686,"2025/03/17, 2025/4/24",2023/8/26,DES,"2023, 2024",2023/8/10,2023/8/10
82,AL-PA-2310-50,FIeldSurvey_20231008-14_PA,2023/10/10,S02W052,ğŸš™,-51.85650604,-2.572422947,N/A,2023/8/26,DES,"2024, 2023, 2022",2021/11/9,2021/9/28
73,AL-PA-2310-18,FIeldSurvey_20231008-14_PA,2023/10/10,S02W052,ğŸš™,-51.91393256,-2.605450859,N/A,2023/9/12,DES,"2023, Foerst",2023/8/15,2023/8/15
79,AL-PA-2310-40,FIeldSurvey_20231008-14_PA,2023/10/10,S02W052,ğŸš™,-51.86851093,-2.695186343,N/A,2023/9/15,DES,2024,2021/12/21,2021/9/23
66,AL-PA-2310-03,FIeldSurvey_20231008-14_PA,2023/10/10,S02W052,ğŸš™,-51.72031668,-2.78231541,2025/3/17,2023/9/20,DES,"2024, 2023",2023/9/21,2023/11/2
67,AL-PA-2310-05,FIeldSurvey_20231008-14_PA,2023/10/10,S02W052,ğŸš™,-51.71515102,-2.783258705,N/A,2023/9/20,DES,2024,2023/9/21,2023/11/7
81,AL-PA-2310-49,FIeldSurvey_20231008-14_PA,2023/10/10,S02W052,ğŸš™,-51.73827988,-2.798110037,2025/4/24,2023/9/20,DES,2024,2020/11/5,2023/11/2
100,AL-PA-2402-17,FieldSurvey_20240205-06_PA,2024/2/5,S02W052,ğŸš,-51.72028358,-2.782371745,2025/3/17,2023/9/20,DES,"2024, 2023",2023/9/21,2023/11/2
98,AL-PA-2402-15Ref,FieldSurvey_20240205-06_PA,2024/2/5,S02W052,ğŸš,-51.8639002,-2.689688691,N/A,2023/9/26,DES,2024,2020/11/5,2023/11/2
99,AL-PA-2402-16,FieldSurvey_20240205-06_PA,2024/2/5,S02W052,ğŸš,-51.79497012,-2.693448414,N/A,2023/9/26,DES,2024,2023/8/15,2023/8/15
182,EX-RO-2503-02,FieldSurvey_20250309-15_RO_AC,2025/3/11,S09W067,ğŸš™,-66.40040041,-9.568362484,2014/8/26,2024/10/1,DES,Foerst,2024/11/12,N/A
163,HU-AM-2410-09,FieldSurvey_20241007-11_RO_AM,2024/10/8,S07W064,ğŸš™,-63.04698259,-7.113225238,2025/5/5,2024/10/28,DES,Foerst,2020/9/26,N/A
162,HU-AM-2410-10,FieldSurvey_20241007-11_RO_AM,2024/10/8,S07W064,ğŸš™,-63.02014473,-7.120634468,2025/5/5,2024/10/4,DES,Foerst,2024/11/16,N/A
223,NP-PA-2410-15,FieldSurvey_20241023-27_PA,2024/10/25,S07W056,ğŸš,-55.54017729,-7.209145525,N/A,2024/10/6,QUE,Foerst,2020/7/12,N/A
243,NP-PA-2410-45,FieldSurvey_20241023-27_PA,2024/10/25,S07W056,ğŸš,-55.49686206,-7.280638232,N/A,2024/10/6,QUE,Foerst,2022/7/10,2024/9/29
41,ST-PA-2510-93,FieldSurvey_20251006-16_PA,2025/10/23,S03W054,ğŸš™,-53.22301493,-3.351067264,N/A,2024/11/10,DES,Foerst,2025/8/12,N/A
83,AL-PA-2402-01,FieldSurvey_20240205-06_PA,2024/2/5,S02W052,ğŸš,-51.70616684,-2.64152127,N/A,2024/11/6,DES,"2021, Foerst",2022/9/22,2023/11/7
111,AL-PA-2403-02,FieldSurvey_20240318-21_PA,2024/3/19,S02W052,ğŸš™,-51.66482422,-2.770269057,N/A,2024/2/12,DEG,Foerst,2024/3/12,N/A
248,NP-PA-2410-53,FieldSurvey_20241023-27_PA,2024/10/25,S07W056,ğŸš,-55.53013032,-7.136245188,2024/11/25,2024/2/14,MIN,"Foerst, 2024",2024/4/19,N/A
196,ST-PA-2402-03,FieldSurvey_20240205-06_PA,2024/2/6,S02W055,ğŸš,-54.03146037,-2.895948703,2019/12/2,2024/2/29,QUE,Foerst,N/A,2023/12/24
197,ST-PA-2402-04,FieldSurvey_20240205-06_PA,2024/2/6,S02W052,ğŸš,-53.99190872,-2.898727171,2013/12/13,2024/2/29,QUE,Foerst,2020/11/15,2023/12/24
198,ST-PA-2402-05,FieldSurvey_20240205-06_PA,2024/2/6,S02W052,ğŸš,-53.96339076,-2.907072357,N/A,2024/2/29,QUE,Foerst,N/A,2023/12/24
155,ST-PA-2406-02,FieldSurvey_20240610-14_PA,2024/2/6,S02W055,ğŸš™,-54.47256399,-2.75609106,N/A,2024/5/24,DES,2024,2024/8/18,N/A
151,ST-PA-2406-01a,FieldSurvey_20240610-14_PA,2024/2/6,S03W054,ğŸš™,-53.7803891,-3.354354319,N/A,2024/5/9,DES,2024,2020/7/7,2024/6/4
152,ST-PA-2406-01b,FieldSurvey_20240610-14_PA,2024/2/6,S03W054,ğŸš™,-53.7792156,-3.35017123,N/A,2024/5/9,DES,2024,N/A,N/A
121,AL-PA-2406-06,FieldSurvey_20240610-14_PA,2024/6/10,S02W052,ğŸš™,-51.86886744,-2.584252043,2025/4/24,2024/6/18,DES,2024,2024/11/19,N/A
169,HU-AM-2410-15,FieldSurvey_20241007-11_RO_AM,2024/10/9,S07W064,ğŸš™,-63.87324139,-7.525606599,2025/4/8,2024/6/19,DES,"2024, Foerst, 2007",2020/9/3,2017/11/30
202,ST-PA-2402-09,FieldSurvey_20240205-06_PA,2024/2/6,S03W054,ğŸš,-53.98897554,-3.242449442,N/A,2024/6/21,QUE,Foerst,2024/11/24,2024/2/4
120,AL-PA-2406-05,FieldSurvey_20240610-14_PA,2024/6/10,S02W052,ğŸš™,-51.85564224,-2.582701522,2025/4/24,2024/7/1,DES,2024,2024/6/4,2023/11/2
87,AL-PA-2402-05Ref,FieldSurvey_20240205-06_PA,2024/2/5,S02W052,ğŸš,-51.91029431,-2.637700544,N/A,2024/7/13,QUE,Foerst,N/A,2024/1/16
88,AL-PA-2402-06Ref,FieldSurvey_20240205-06_PA,2024/2/5,S02W052,ğŸš,-51.91508882,-2.648487706,N/A,2024/7/13,QUE,Foerst,N/A,2024/1/25
93,AL-PA-2402-11a,FieldSurvey_20240205-06_PA,2024/2/5,S02W052,ğŸš,-51.78195486,-2.857899757,N/A,2024/7/16,DEG,"Foerst, 2015",2024/3/12,2023/12/14
94,AL-PA-2402-11b,FieldSurvey_20240205-06_PA,2024/2/5,S02W052,ğŸš,-51.77968673,-2.857082071,N/A,2024/7/16,DEG,2024,2022/12/15,2023/12/14
61,AL-PA-2202-14,FieldSurvey_20220214-21_PA,2022/2/16,S02W052,ğŸš™,-51.74066999,-2.996929676,N/A,2024/7/24,DEG,2021,2021/11/4,N/A
158,ST-PA-2406-09,FieldSurvey_20240610-14_PA,2024/2/6,S02W055,ğŸš™,-54.9098177,-2.73473091,N/A,2024/7/4,DES,2024,2020/11/15,2024/6/9
161,HU-AM-2410-12,FieldSurvey_20241007-11_RO_AM,2024/10/8,S07W063,ğŸš™,-62.93435163,-7.047182666,2025/4/7,2024/7/5,DES,"2024, Foerst",2024/11/16,2018/9/29
175,PV-RO-2410-02,FieldSurvey_20241007-11_RO_AM,2024/10/10,S09W065,ğŸš™,-64.89047142,-9.741474365,N/A,2024/8/11,"DEG, QUE","Foerst, 2024",2021/11/2,2024/9/26
165,HU-AM-2410-07Ref,FieldSurvey_20241007-11_RO_AM,2024/10/7,S07W064,ğŸš™,-63.33639747,-7.580590661,N/A,2024/8/13,QUE,"Foerst, 2022",2021/11/25,2022/12/22
171,HU-AM-2410-18,FieldSurvey_20241007-11_RO_AM,2024/10/9,S07W064,ğŸš™,-63.50225479,-7.975874905,N/A,2024/8/19,QUE,Foerst,2020/8/15,2024/9/26
170,HU-AM-2410-19,FieldSurvey_20241007-11_RO_AM,2024/10/9,S07W064,ğŸš™,-63.41680159,-7.916919406,N/A,2024/8/4,QUE,Foerst,2022/9/1,2024/9/26
166,HU-AM-2410-05Ref,FieldSurvey_20241007-11_RO_AM,2024/10/7,S07W064,ğŸš™,-63.31991303,-7.575312847,N/A,2024/9/13,QUE,Foerst,2024/11/16,2018/2/8
173,PV-RO-2410-01Ref,FieldSurvey_20241007-11_RO_AM,2024/10/11,S08W064,ğŸš™,-63.28811058,-8.559805812,N/A,2024/9/13,QUE,Foerst,2021/4/1,2024/9/26
174,PV-RO-2410-03,FieldSurvey_20241007-11_RO_AM,2024/10/10,S09W065,ğŸš™,-64.92827774,-9.722723045,2025/7/22,2024/9/20,"DEG, QUE",Foerst,2021/9/30,2023/11/9
180,NP-PA-2410-52Ref,FieldSurvey_20241023-27_PA,2024/10/25,S06W055,ğŸš,-54.98198524,-6.372555304,N/A,2024/9/26,QUE,Foerst,2025/8/17,2024/9/29
185,RB-AC-2503-01,FieldSurvey_20250309-15_RO_AC,2025/3/11,S09W067,ğŸš™,-66.72410512,-9.911256494,2025/5/1,2025/2/25,DES,Foerst,2025/3/4,N/A
187,LA-AM-2503-01,FieldSurvey_20250309-15_RO_AC,2025/3/12,S09W067,ğŸš™,-66.75030217,-9.562686842,2025/5/24,2025/6/2,DES,Foerst,2021/1/3,2025/6/24
190,RB-AC-2503-03,FieldSurvey_20250309-15_RO_AC,2025/3/14,S09W068,ğŸš™,-67.51141938,-9.678666124,N/A,2025/6/3,DES,Foerst,2025/1/21,N/A
40,ST-PA-2510-92,FieldSurvey_20251006-16_PA,2025/10/21,S03W054,ğŸš™,-53.19934736,-3.406874756,N/A,2025/7/28,DES,2017,2021/8/22,N/A
29,AL-PA-2510-03,FieldSurvey_20251006-16_PA,2025/10/14,S02W052,ğŸš™,-51.47349871,-2.870059985,N/A,2025/7/29,DES,Foerst,2025/5/29,2025/6/3
25,ST-PA-2510-06,FieldSurvey_20251006-16_PA,2025/10/8,S03W054,ğŸš™,-53.85870891,-3.117995718,2025/8/29,2025/7/29,DES,Foerst,2025/3/16,2025/8/17
35,ST-PA-2510-10,FieldSurvey_20251006-16_PA,2025/10/9,S03W054,ğŸš™,-53.78621527,-3.055614309,2025/7/28,2025/7/3,DES,Foerst,2021/5/2,2025/7/6
21,ST-PA-2510-02,FieldSurvey_20251006-16_PA,2025/10/8,S03W054,ğŸš™,-53.78912189,-3.112359753,2025/7/28,2025/7/6,DES,Foerst,2025/7/1,2025/8/17
26,ST-PA-2510-07,FieldSurvey_20251006-16_PA,2025/10/8,S03W054,ğŸš™,-53.82759088,-3.144829342,"2025/7/8, 2025/7/30",2025/7/6,DES,Foerst,2025/3/16,2025/7/6
20,ST-PA-2510-01,FieldSurvey_20251006-16_PA,2025/10/9,S03W054,ğŸš™,-53.7622141,-3.070525646,2025/8/29,2025/7/8,DES,Foerst,2025/3/16,2021/3/21
189,RB-AC-2503-05,FieldSurvey_20250309-15_RO_AC,2025/3/14,S09W068,ğŸš™,-67.57211495,-9.986281129,2024/10/21,2025/8/27,DES,Foerst,2025/3/4,N/A
27,AL-PA-2510-01,FieldSurvey_20251006-16_PA,2025/10/13,S02W052,ğŸš™,-51.59571816,-2.671963633,N/A,2025/9/14,DES,Foerst,2025/9/18,2025/9/18
32,AL-PA-2510-06,FieldSurvey_20251006-16_PA,2025/10/15,S02W052,ğŸš™,-51.82734523,-2.586376919,N/A,2025/9/14,DES,Foerst,2025/9/18,2025/9/18
231,NP-PA-2410-26,FieldSurvey_20241023-27_PA,2024/10/26,S07W056,ğŸš,-55.03426089,-7.187439774,2014/11/25,DoData,NoData,2015,N/A,N/A
52,AL-PA-2202-11,FieldSurvey_20220214-21_PA,2022/2/16,S03W052,ğŸš™,-51.57261212,-3.1071064,N/A,N/A,N/A,Foerst,2020/12/22,2023/11/2
68,AL-PA-2310-06,FIeldSurvey_20231008-14_PA,2023/10/10,S02W052,ğŸš™,-51.7099349,-2.790318153,N/A,N/A,N/A,2024,2023/9/21,2023/11/2
69,AL-PA-2310-07,FIeldSurvey_20231008-14_PA,2023/10/10,S02W052,ğŸš™,-51.69454669,-2.786745838,N/A,N/A,N/A,2011,2023/8/15,2023/11/2
71,AL-PA-2310-11,FIeldSurvey_20231008-14_PA,2023/10/10,S02W052,ğŸš™,-51.70406916,-2.789353105,N/A,N/A,N/A,"Foerst,2011",2021/11/9,2023/11/2
76,AL-PA-2310-24,FIeldSurvey_20231008-14_PA,2023/10/10,S02W052,ğŸš™,-51.85963546,-2.578298213,2025/4/24,N/A,N/A,Foerst,2024/11/19,2023/11/2
86,AL-PA-2402-04Ref,FieldSurvey_20240205-06_PA,2024/2/5,S02W052,ğŸš,-51.90324583,-2.640583532,N/A,N/A,N/A,Foerst,2023/1/26,2023/11/2
91,AL-PA-2402-09,FieldSurvey_20240205-06_PA,2024/2/5,S02W052,ğŸš,-51.90331075,-2.746190747,N/A,N/A,N/A,Foerst,2021/11/9,2024/1/25
92,AL-PA-2402-10Ref,FieldSurvey_20240205-06_PA,2024/2/5,S02W052,ğŸš,-51.86946863,-2.789308233,N/A,N/A,N/A,Foerst,N/A,2023/11/2
96,AL-PA-2402-13Ref,FieldSurvey_20240205-06_PA,2024/2/5,S02W052,ğŸš,-51.81437269,-2.734828354,N/A,N/A,N/A,Foerst,2024/11/19,2020/11/10
105,AL-PA-2402-23Ref,FieldSurvey_20240205-06_PA,2024/2/5,S02W052,ğŸš,-51.42459244,-2.849871953,N/A,N/A,N/A,Foerst,N/A,2024/1/25
106,AL-PA-2402-24,FieldSurvey_20240205-06_PA,2024/2/5,S02W052,ğŸš,-51.77873907,-2.982053003,N/A,N/A,N/A,Foerst,N/A,2024/1/25
107,AL-PA-2402-25,FieldSurvey_20240205-06_PA,2024/2/5,S02W052,ğŸš,-51.78550422,-2.986779883,N/A,N/A,N/A,"Foerst, 2024",N/A,2024/1/25
113,AL-PA-2403-16Ref,FieldSurvey_20240318-21_PA,2024/3/20,S03W053,ğŸš™,-52.40355708,-3.313626628,N/A,N/A,N/A,Foerst,N/A,2023/11/7
115,AL-PA-2403-18,FieldSurvey_20240318-21_PA,2024/3/20,S02W053,ğŸš™,-52.29142909,-2.818765644,N/A,N/A,N/A,2007,2024/4/23,2024/3/12
116,AL-PA-2403-19,FieldSurvey_20240318-21_PA,2024/3/18,S02W052,ğŸš™,-51.66018994,-2.932142986,N/A,N/A,N/A,"2007, 2024, Foerst, 2011",2024/3/12,2019/11/12
119,AL-PA-2406-04Ref,FieldSurvey_20240610-14_PA,2024/6/11,S02W052,ğŸš™,-51.66323381,-2.998851749,N/A,N/A,N/A,Foerst,N/A,2024/4/18
183,EX-RO-2503-04,FieldSurvey_20250309-15_RO_AC,2025/3/11,S09W067,ğŸš™,-66.45380645,-9.754413292,N/A,N/A,N/A,Foerst,N/A,N/A
7,EX-RO-2506-EX_E,MORI2_TestSurvey_20250531-0608_RO_AM,2025/6/3,S09W066,ğŸš™,-65.57882192,-9.737285067,2025/2/25,N/A,N/A,Foerst,N/A,N/A
13,MA-AM-2506-MAO_H,MORI2_TestSurvey_20250531-0608_RO_AM,2025/6/7,S02W060,ğŸš™,-59.36012689,-2.802419547,N/A,N/A,N/A,2010,NoData,NoData
222,NP-PA-2410-14,FieldSurvey_20241023-27_PA,2024/10/26,S07W056,ğŸš,-55.05248426,-7.362352663,N/A,N/A,N/A,Foerst,N/A,N/A
234,NP-PA-2410-31,FieldSurvey_20241023-27_PA,2024/10/26,S07W056,ğŸš,-55.07684179,-7.518240998,N/A,N/A,N/A,Foerst,N/A,2024/9/29
179,NP-PA-2410-32,FieldSurvey_20241023-27_PA,2024/10/25,S06W055,ğŸš,-54.96645236,-6.34086463,N/A,N/A,N/A,2007,2024/11/24,2024/9/29
135,RB-AC-2305-38,FieldSurvey_20230525-0601_RO_AC,2023/5/29,S09W068,ğŸš™,-67.74490978,-9.642387137,N/A,N/A,N/A,"Foerst, 2023",2023/1/1,2023/1/1
188,RB-AC-2503-08,FieldSurvey_20250309-15_RO_AC,2025/3/10,S09W068,ğŸš™,-67.3336423,-9.960976105,N/A,N/A,N/A,2007,2025/1/21,N/A
203,ST-PA-2402-10,FieldSurvey_20240205-06_PA,2024/2/6,S03W054,ğŸš,-53.95937508,-3.23177955,N/A,N/A,N/A,Foerst,2021/9/28,2024/2/4
153,ST-PA-2406-04Ref,FieldSurvey_20240610-14_PA,2024/2/6,S03W054,ğŸš™,-53.90094382,-3.102252136,N/A,N/A,N/A,Foerst,N/A,2024/6/4
39,ST-PA-2510-91,FieldSurvey_20251006-16_PA,2025/10/22,S03W054,ğŸš™,-53.23984894,-3.482058072,2025/10/28,N/A,N/A,"Foerst, 2007",2025/7/1,N/A
42,ST-PA-2510-94,FieldSurvey_20251006-16_PA,2025/10/23,S03W054,ğŸš™,-53.21975934,-3.336256396,2025/10/29,N/A,N/A,Foerst,2025/3/16,N/A
51,AL-PA-2202-01,FieldSurvey_20220214-21_PA,2022/2/16,S03W052,ğŸš™,-51.59836738,-3.092226625,N/A,NoData,NoData,2007,2023/8/15,N/A
77,AL-PA-2310-30,FIeldSurvey_20231008-14_PA,2023/10/13,S02W052,ğŸš™,-51.66353433,-2.923636898,N/A,NoData,NoData,2007,2023/9/26,2019/11/12
110,AL-PA-2403-01,FieldSurvey_20240318-21_PA,2024/3/19,S02W052,ğŸš™,-51.60904149,-2.771227412,N/A,NoData,NoData,2007,2024/3/12,2024/3/12
28,AL-PA-2510-02,FieldSurvey_20251006-16_PA,2025/10/13,S03W052,ğŸš™,-51.73430801,-3.150419993,N/A,NoData,NoData,2007,2025/8/7,N/A
1,EX-RO-2506-SAF_A,MORI2_TestSurvey_20250531-0608_RO_AM,2025/6/2,S09W067,ğŸš™,-66.63271981,-9.787784427,N/A,NoData,NoData,2007,NoData,NoData
2,EX-RO-2506-SAF_B,MORI2_TestSurvey_20250531-0608_RO_AM,2025/6/2,S09W067,ğŸš™,-66.56961483,-9.813724045,N/A,NoData,NoData,2007,NoData,NoData
14,MA-AM-2506-MAO_I,MORI2_TestSurvey_20250531-0608_RO_AM,2025/6/7,S02W060,ğŸš™,-59.35150557,-2.80725216,2010/10/9,NoData,NoData,"2008, 2011",NoData,NoData
15,MA-AM-2506-MAO_J,MORI2_TestSurvey_20250531-0608_RO_AM,2025/6/7,S02W060,ğŸš™,-59.34321252,-2.796892273,2010/10/9,NoData,NoData,"2010, 2011",NoData,NoData
16,MA-AM-2506-MAO_K,MORI2_TestSurvey_20250531-0608_RO_AM,2025/6/7,S02W060,ğŸš™,-59.32834734,-2.823071394,2010/10/9,NoData,NoData,"2011, 2010, Foerst",NoData,2024/6/24
19,MA-AM-2506-MAO_L,MORI2_TestSurvey_20250531-0608_RO_AM,2025/6/7,S02W060,ğŸš™,-59.30834215,-2.810249534,2010/10/9,NoData,NoData,"2011, 2010, 2019",NoData,2020/11/2
18,MA-AM-2506-MAO_M,MORI2_TestSurvey_20250531-0608_RO_AM,2025/6/7,S02W060,ğŸš™,-59.32772851,-2.804084848,2011/1/22,NoData,NoData,"2007, 2009",NoData,2024/6/24
17,MA-AM-2506-MAO_N,MORI2_TestSurvey_20250531-0608_RO_AM,2025/6/7,S02W060,ğŸš™,-59.3349929,-2.789438051,2011/1/22,NoData,NoData,"2007, Foerst",NoData,NoData
11,MA-AM-2506-SAF_MAO_A,MORI2_TestSurvey_20250531-0608_RO_AM,2025/6/6,S02W060,ğŸš™,-59.86573307,-2.934354731,N/A,NoData,NoData,"Foerst, 2007",NoData,NoData
12,MA-AM-2506-SAF_MAO_B,MORI2_TestSurvey_20250531-0608_RO_AM,2025/6/6,S02W060,ğŸš™,-59.86300962,-2.949394532,N/A,NoData,NoData,"2007, Foerst",NoData,NoData
218,NP-PA-2410-06,FieldSurvey_20241023-27_PA,2024/10/25,S07W056,ğŸš,-55.54820644,-7.587744919,2015/6/19,NoData,NoData,"2015, Foerst",2025/6/27,N/A
220,NP-PA-2410-08,FieldSurvey_20241023-27_PA,2024/10/25,S07W056,ğŸš,-55.57396897,-7.597420665,2015/6/19,NoData,NoData,2015,2024/11/15,2024/9/29
226,NP-PA-2410-21,FieldSurvey_20241023-27_PA,2024/10/26,S07W056,ğŸš,-55.22941788,-7.786655416,2006/8/28,NoData,NoData,2007,2020/7/12,N/A
236,NP-PA-2410-37,FieldSurvey_20241023-27_PA,2024/10/26,S07W056,ğŸš,-55.07325624,-7.25093833,2012/12/12,NoData,NoData,"2007, 2013",2023/7/9,N/A
8,PV-RO-2506-PO_F,MORI2_TestSurvey_20250531-0608_RO_AM,2025/6/4,S08W065,ğŸš™,-64.27414146,-8.97345331,N/A,NoData,NoData,2007,N/A,N/A
159,ST-PA-2406-08,FieldSurvey_20240610-14_PA,2024/2/6,S02W055,ğŸš™,-54.74276989,-2.565665145,N/A,NoData,NoData,2007,2023/11/12,2023/11/12
157,ST-PA-2406-10,FieldSurvey_20240610-14_PA,2024/2/6,S02W055,ğŸš™,-54.85827982,-2.800232128,N/A,NoData,NoData,2007,2024/7/7,2024/6/9
156,ST-PA-2406-11Ref,FieldSurvey_20240610-14_PA,2024/2/6,S02W055,ğŸš™,-54.8533301,-2.909529086,N/A,NoData,NoData,2007,N/A,2024/6/9
23,ST-PA-2510-04,FieldSurvey_20251006-16_PA,2025/10/10,S02W055,ğŸš™,-54.73086328,-2.559854972,N/A,NoData,NoData,2007,2025/8/17,N/A
33,ST-PA-2510-08,FieldSurvey_20251006-16_PA,2025/10/10,S03W055,ğŸš™,-54.97643287,-3.196456591,N/A,NoData,NoData,2007,2025/8/17,N/A